timestamp,stock,percentage_change
2025-03-17 21:00:00+00:00,83947.5625,0.15308105282985435
2025-03-17 23:00:00+00:00,84077.203125,0.020396060837686195
2025-03-18 00:00:00+00:00,84033.265625,-0.2934105894447679
2025-03-18 01:00:00+00:00,83799.546875,-0.8541961462724198
2025-03-18 02:00:00+00:00,83164.0703125,0.3384029743163011
2025-03-18 03:00:00+00:00,83297.9609375,-0.213015418388374
2025-03-18 05:00:00+00:00,82973.6171875,0.00934031835985516
2025-03-18 09:00:00+00:00,83271.6640625,-0.5284473175289501
2025-03-18 12:00:00+00:00,82541.46875,-0.19958717720297411
2025-03-18 13:00:00+00:00,82388.3046875,-1.3915146292286062
2025-03-18 16:00:00+00:00,81581.9609375,0.32380205067928713
2025-03-18 18:00:00+00:00,81450.2109375,0.45452422190051495
2025-03-18 23:00:00+00:00,82406.546875,0.37679045145646994
2025-03-19 01:00:00+00:00,83149.4453125,-0.5304455109019162
2025-03-19 03:00:00+00:00,82899.796875,0.18590779870351762
2025-03-19 04:00:00+00:00,83051.015625,-0.1130987824689832
2025-03-19 06:00:00+00:00,83244.7734375,-0.06498155711915472
2025-03-19 07:00:00+00:00,83203.984375,-0.023502104673097275
2025-03-19 08:00:00+00:00,83207.765625,0.2545397937429593
2025-03-19 09:00:00+00:00,83445.8359375,0.09891333890144122
2025-03-19 10:00:00+00:00,83527.4296875,-0.044437123994915215
2025-03-19 11:00:00+00:00,83482.5390625,0.46459004104993884
2025-03-19 13:00:00+00:00,83756.9140625,0.5269900759125762
2025-03-19 15:00:00+00:00,84305.921875,0.499371800505562
2025-03-19 16:00:00+00:00,84738.7109375,-0.16959301824404155
2025-03-19 18:00:00+00:00,84190.765625,1.8803372326500325
2025-03-19 20:00:00+00:00,85445.6875,-0.159778031512708
2025-03-19 21:00:00+00:00,85363.9140625,0.2601271157006936
2025-03-20 02:00:00+00:00,85876.796875,0.24147056602709369
2025-03-20 03:00:00+00:00,86082.703125,-0.22285073602003017
2025-03-20 06:00:00+00:00,85811.765625,-0.00111982021696107
2025-03-20 09:00:00+00:00,86259.515625,-0.47429549892049955
2025-03-20 12:00:00+00:00,85477.9765625,-0.1791488505674113
2025-03-20 15:00:00+00:00,86128.3671875,-1.6350231590183655
2025-03-20 16:00:00+00:00,84658.609375,-1.1161095362606173
2025-03-20 19:00:00+00:00,83996.6796875,0.22792009542787917
2025-03-20 21:00:00+00:00,84500.71875,-0.22447109362605275
2025-03-20 23:00:00+00:00,84102.2109375,0.17796425721938233
2025-03-21 01:00:00+00:00,84443.7578125,0.33452369046298475
2025-03-21 02:00:00+00:00,84724.390625,-0.10289798115617901
2025-03-21 05:00:00+00:00,84632.34375,-0.3131282920426034
2025-03-21 08:00:00+00:00,83893.7421875,0.09364524450991252
2025-03-21 11:00:00+00:00,84134.21875,-0.12768845910273577
2025-03-21 14:00:00+00:00,83841.1015625,0.3016028925997569
2025-03-21 15:00:00+00:00,84213.953125,-0.7773912169023356
2025-03-21 16:00:00+00:00,83541.1953125,0.624270978586257
2025-03-21 17:00:00+00:00,84053.9921875,-0.09616214875278734
2025-03-21 21:00:00+00:00,84188.34375,0.09363306306878143
2025-03-21 22:00:00+00:00,84303.078125,-0.17415771258352258
2025-03-21 23:00:00+00:00,84143.6796875,-0.1323628826474359
2025-03-22 03:00:00+00:00,84157.7578125,0.08739167595678986
2025-03-22 06:00:00+00:00,84306.2109375,-0.012046858573123737
2025-03-22 08:00:00+00:00,84249.21875,-0.05396007010450765
2025-03-22 12:00:00+00:00,84219.328125,-0.0075231394515473645
2025-03-22 15:00:00+00:00,83999.2265625,0.11038048062384502
2025-03-22 16:00:00+00:00,84069.65625,0.07041222141312134
2025-03-22 19:00:00+00:00,84257.8125,-0.09914696337505796
2025-03-23 00:00:00+00:00,83831.8359375,0.20275896453791653
2025-03-23 02:00:00+00:00,84055.859375,0.2162438482593885
2025-03-23 05:00:00+00:00,84105.609375,0.13990037451054377
2025-03-23 07:00:00+00:00,84242.3125,0.04363343242743959
2025-03-23 09:00:00+00:00,84345.96875,-0.03044566074771653
2025-03-23 13:00:00+00:00,84715.390625,0.3487781238097785
2025-03-23 15:00:00+00:00,84898.828125,0.31094915363415093
2025-03-23 16:00:00+00:00,85182.9609375,0.10351798825671103
2025-03-23 17:00:00+00:00,85280.9453125,-0.34795837031664
2025-03-24 00:00:00+00:00,86046.8828125,-0.04487016117031404
2025-03-24 05:00:00+00:00,86855.9453125,0.04261726110610052
2025-03-24 06:00:00+00:00,86907.15625,0.24451381125475496
2025-03-24 08:00:00+00:00,86899.140625,0.6356507049749666
2025-03-24 10:00:00+00:00,87168.8203125,0.710474797960746
2025-03-24 11:00:00+00:00,87813.5546875,-0.12990947172787515
2025-03-24 12:00:00+00:00,87681.7890625,-0.43107761205759215
2025-03-24 13:00:00+00:00,87351.6953125,0.35205205394106814
2025-03-24 15:00:00+00:00,87964.140625,0.4097816848307327
2025-03-24 17:00:00+00:00,88044.046875,0.4379377580717322
2025-03-24 19:00:00+00:00,88498.84375,-0.2883159137319238
2025-03-24 20:00:00+00:00,88284.34375,-0.4204631412916857
2025-03-24 22:00:00+00:00,88160.0859375,-0.8639468098295262
2025-03-24 23:00:00+00:00,87534.3671875,-0.0922048563247346
2025-03-25 01:00:00+00:00,87634.28125,-0.6370402279073865
2025-03-25 03:00:00+00:00,86863.1171875,-0.40799645347173835
2025-03-25 06:00:00+00:00,86702.640625,-0.1265189983941161
2025-03-25 07:00:00+00:00,86573.734375,-0.14370878580920635
2025-03-25 14:00:00+00:00,87635.859375,0.35323725037642445
2025-03-25 17:00:00+00:00,87838.671875,0.17313345221842244
2025-03-25 19:00:00+00:00,87867.296875,0.460886774036202
2025-03-25 21:00:00+00:00,87890.1875,-0.12629396199661083
2025-03-25 23:00:00+00:00,87522.3359375,-0.03334863002381803
2025-03-26 00:00:00+00:00,87438.8671875,0.27318193291295034
2025-03-26 04:00:00+00:00,87129.5234375,0.22260322029550297
2025-03-26 05:00:00+00:00,87337.5078125,0.22784275906659163
2025-03-26 07:00:00+00:00,87891.0546875,0.31982954749999
2025-03-26 09:00:00+00:00,87983.453125,-0.08574943335403443
2025-03-26 11:00:00+00:00,88254.1015625,-0.2682417823180137
2025-03-26 12:00:00+00:00,88000.09375,-0.2283378249241922
2025-03-26 14:00:00+00:00,86965.8125,-0.15779368760568988
2025-03-26 21:00:00+00:00,87253.0390625,-0.07704781772912817
2025-03-27 00:00:00+00:00,86960.8828125,0.33809202826737916
2025-03-27 03:00:00+00:00,87598.21875,0.10797701009188615
2025-03-27 05:00:00+00:00,87533.6015625,-0.25192111493613034
2025-03-27 07:00:00+00:00,87358.390625,0.07725896392679796
2025-03-27 08:00:00+00:00,87426.75,0.020490367650633244
2025-03-27 11:00:00+00:00,87209.8359375,-0.27315582862777354
2025-03-27 12:00:00+00:00,86872.2265625,-0.12967140587671638
2025-03-27 14:00:00+00:00,86380.765625,1.024388929176037
2025-03-27 15:00:00+00:00,87273.2109375,-0.34765106811216323
2025-03-27 17:00:00+00:00,86853.7421875,0.10216528702751816
2025-03-27 20:00:00+00:00,87031.5,0.31650716981782456
2025-03-28 00:00:00+00:00,87214.2109375,0.136660641332194
2025-03-28 02:00:00+00:00,87219.375,-0.33530752198121117
2025-03-28 03:00:00+00:00,86960.9453125,-0.16151287741327128
2025-03-28 04:00:00+00:00,86783.8359375,-0.6922552091758879
2025-03-28 05:00:00+00:00,86183.0703125,-0.15900019516956682
2025-03-28 08:00:00+00:00,85178.9375,0.0388795498887269
2025-03-28 09:00:00+00:00,85188.9609375,-0.08920426621443671
2025-03-28 10:00:00+00:00,85122.515625,-0.2689689365016343
2025-03-28 13:00:00+00:00,85015.890625,-0.028037037928754862
2025-03-28 16:00:00+00:00,84020.3125,-0.28681680397225373
2025-03-28 18:00:00+00:00,83934.8125,-0.16485077333079168
2025-03-28 23:00:00+00:00,84420.2734375,-0.08753636359009216
2025-03-29 04:00:00+00:00,84140.484375,-0.14407637821493108
2025-03-29 05:00:00+00:00,84026.3125,-0.05344308070165521
2025-03-29 07:00:00+00:00,83753.34375,-0.04487693961472434
2025-03-29 08:00:00+00:00,83696.5390625,0.22589046347402542
2025-03-29 09:00:00+00:00,83898.8359375,-0.45403453247405196
2025-03-29 10:00:00+00:00,83516.09375,-0.8693964299545559
2025-03-29 12:00:00+00:00,82247.03125,0.189900471331602
2025-03-29 13:00:00+00:00,82421.671875,0.447318637941667
2025-03-29 14:00:00+00:00,82800.8359375,-0.3358208849604949
2025-03-29 15:00:00+00:00,82477.984375,-0.11471811322377506
2025-03-29 19:00:00+00:00,82320.875,0.1619140497474061
2025-03-29 20:00:00+00:00,82657.21875,-0.17636844331881177
2025-03-30 00:00:00+00:00,82589.46875,0.21242115085042243
2025-03-30 02:00:00+00:00,82917.0703125,0.44644569098360226
2025-03-30 03:00:00+00:00,83294.4375,-0.29848931989005867
2025-03-30 04:00:00+00:00,83056.1953125,0.033730927469758094
2025-03-30 06:00:00+00:00,82947.1953125,0.22087659119727998
2025-03-30 08:00:00+00:00,83066.1484375,0.37366680752453785
2025-03-30 11:00:00+00:00,83093.4765625,-0.0046728247037292805
2025-03-30 12:00:00+00:00,83125.3515625,-0.13398439574268717
2025-03-30 14:00:00+00:00,82662.4375,0.11507645174387701
2025-03-30 15:00:00+00:00,82792.25,-0.0920225021061754
2025-03-30 18:00:00+00:00,82436.4609375,0.30706414324592984
2025-03-30 20:00:00+00:00,82529.40625,-0.01433201271819401
2025-03-31 00:00:00+00:00,82418.125,-0.9627831408443227
2025-03-31 01:00:00+00:00,81644.6953125,0.40694621827945227
2025-03-31 02:00:00+00:00,81922.09375,0.002250613864468033
2025-03-31 03:00:00+00:00,81933.8203125,-0.5254049833855049
2025-03-31 05:00:00+00:00,81826.109375,0.3539804589419904
2025-03-31 06:00:00+00:00,82142.5234375,-0.15017724052982226
2025-03-31 08:00:00+00:00,81890.1796875,0.025539158150354378
2025-03-31 10:00:00+00:00,81468.15625,0.8102475622185202
2025-03-31 14:00:00+00:00,82489.6484375,1.2221893372037684
2025-03-31 16:00:00+00:00,83405.09375,-0.13394715475636043
2025-03-31 17:00:00+00:00,83295.84375,-0.7308850569149796
2025-03-31 18:00:00+00:00,82808.796875,0.6810776255466517
2025-03-31 22:00:00+00:00,82547.8046875,-0.2071148356364338
2025-03-31 23:00:00+00:00,82388.7109375,0.1818361985462397
2025-04-01 00:00:00+00:00,82536.34375,0.12501121664963502
2025-04-01 03:00:00+00:00,83076.5546875,-0.17825238186277548
2025-04-01 05:00:00+00:00,82999.1328125,0.002211996002593777
2025-04-01 06:00:00+00:00,82994.9453125,0.5383799258106174
2025-04-01 07:00:00+00:00,83447.25,0.01144061068519334
2025-04-01 09:00:00+00:00,84118.7265625,0.2842708274028979
2025-04-01 13:00:00+00:00,83620.6171875,-0.014350527900425274
2025-04-01 15:00:00+00:00,84221.71875,1.2481099924121413
2025-04-01 16:00:00+00:00,85361.71875,-0.19118091211114466
2025-04-01 19:00:00+00:00,85122.015625,-0.34362438183864374
2025-04-01 22:00:00+00:00,85264.265625,-0.15528926336190443
2025-04-01 23:00:00+00:00,85107.8125,0.09757843911215554
2025-04-02 00:00:00+00:00,85173.4453125,-0.25484762205356515
2025-04-02 03:00:00+00:00,84779.953125,-0.22341845627199974
2025-04-02 05:00:00+00:00,84574.5859375,-0.5077803458799819
2025-04-02 06:00:00+00:00,84104.1015625,0.041745140067763864
2025-04-02 07:00:00+00:00,84134.9296875,0.35226154119438535
2025-04-02 11:00:00+00:00,84817.3984375,-0.32032048259556123
2025-04-02 13:00:00+00:00,85016.53125,0.5316337374091583
2025-04-02 14:00:00+00:00,85263.046875,0.726071065003798
2025-04-02 16:00:00+00:00,86696.90625,0.3286413406476082
2025-04-02 17:00:00+00:00,87080.65625,-0.550567164564748
2025-04-02 20:00:00+00:00,86924.0078125,-1.463877436766112
2025-04-02 21:00:00+00:00,85637.1015625,-0.9747892382728026
2025-04-02 23:00:00+00:00,82546.234375,0.06508663042813696
2025-04-03 01:00:00+00:00,83235.046875,0.680386848763939
2025-04-03 03:00:00+00:00,83741.8359375,-0.30892003931353385
2025-04-03 04:00:00+00:00,83515.6328125,0.08428437003888026
2025-04-03 06:00:00+00:00,83328.4921875,-0.37700940188994103
2025-04-03 09:00:00+00:00,83680.921875,-0.2665258042127658
2025-04-03 10:00:00+00:00,83470.09375,-0.24543783083986292
2025-04-03 12:00:00+00:00,83061.203125,-1.2345377100507777
2025-04-03 16:00:00+00:00,82155.0234375,-0.4898133226218763
2025-04-03 17:00:00+00:00,81843.6875,-0.031748783313312955
2025-04-03 19:00:00+00:00,82053.8828125,0.015500485247070404
2025-04-03 21:00:00+00:00,82344.9921875,0.5642419625738093
2025-04-04 00:00:00+00:00,83141.15625,-0.14750892401739962
2025-04-04 01:00:00+00:00,83083.78125,-0.5937812772574069
2025-04-04 02:00:00+00:00,82794.0625,0.06698661211364039
2025-04-04 03:00:00+00:00,82880.4296875,-0.11799754823755418
2025-04-04 04:00:00+00:00,82791.515625,-0.1136420040021462
2025-04-04 05:00:00+00:00,82699.8671875,0.572259458926353
2025-04-04 07:00:00+00:00,83054.59375,1.079523370734686
2025-04-04 08:00:00+00:00,83975.84375,0.4766530702467637
2025-04-04 09:00:00+00:00,84444.1875,0.23774023818986947
2025-04-04 12:00:00+00:00,82661.0859375,0.14804426848750532
2025-04-04 13:00:00+00:00,82798.8046875,0.5942492187623104
2025-04-04 18:00:00+00:00,84488.5,-0.7019076560715364
2025-04-05 07:00:00+00:00,83441.609375,0.05340560942410515
2025-04-05 08:00:00+00:00,83489.4375,0.009741127433036066
2025-04-05 10:00:00+00:00,83821.7578125,-0.24023259921419937
2025-04-05 11:00:00+00:00,83613.9375,-0.21344378142698997
2025-04-05 12:00:00+00:00,83440.546875,-0.2561797836970373
2025-04-05 15:00:00+00:00,82883.796875,-0.3832549448465406
2025-04-05 16:00:00+00:00,82588.0703125,0.15364280158122867
2025-04-05 18:00:00+00:00,82840.328125,0.24892578550490863
2025-04-05 20:00:00+00:00,82888.6015625,0.1819837072365857
2025-04-05 22:00:00+00:00,82914.1328125,0.28334094506091534
2025-04-06 04:00:00+00:00,83311.1015625,0.17044547165598523
2025-04-06 05:00:00+00:00,83462.1015625,-0.05862503649438944
2025-04-06 06:00:00+00:00,83420.5703125,-0.35350805729964124
2025-04-06 08:00:00+00:00,82976.3359375,0.01726772439167756
2025-04-06 10:00:00+00:00,83012.984375,-0.2520878228575311
2025-04-06 14:00:00+00:00,82262.3203125,0.3566525037045648
2025-04-06 15:00:00+00:00,82614.9609375,-0.0733731358244643
2025-04-06 16:00:00+00:00,82522.015625,-0.6773855234464893
2025-04-06 19:00:00+00:00,79002.25,0.7529156606299188
2025-04-06 20:00:00+00:00,79494.3515625,-0.8707576216352635
2025-04-07 02:00:00+00:00,79091.9296875,-0.8977685875228064
2025-04-07 03:00:00+00:00,78390.953125,-1.0281400057922818
2025-04-07 05:00:00+00:00,77151.296875,-0.424105800230594
2025-04-07 07:00:00+00:00,74727.2265625,0.48807720997774723
2025-04-07 10:00:00+00:00,76238.8125,0.8340363053267652
2025-04-07 14:00:00+00:00,78373.0234375,0.7780100514895362
2025-04-07 16:00:00+00:00,78457.703125,-1.4178818085301934
2025-04-07 17:00:00+00:00,78115.96875,1.2147204216807463
2025-04-07 18:00:00+00:00,78956.015625,-0.8032755578907165
2025-04-08 06:00:00+00:00,79785.828125,-0.4184542485125706
2025-04-08 08:00:00+00:00,79471.5625,-0.4273442937528754
2025-04-08 12:00:00+00:00,80102.0390625,-0.3244201902241682
2025-04-08 13:00:00+00:00,79822.59375,0.14555715937256175
2025-04-08 14:00:00+00:00,79777.796875,-1.5634930536554754
2025-04-08 17:00:00+00:00,77301.5078125,-0.008196395748667984
2025-04-08 19:00:00+00:00,77238.484375,-0.5848970609089583
2025-04-08 22:00:00+00:00,76945.140625,-0.32242939318170877
2025-04-08 23:00:00+00:00,76696.8359375,-0.5677691030890188
2025-04-09 00:00:00+00:00,76261.1015625,0.2394938195986015
2025-04-09 02:00:00+00:00,76021.21875,-0.5952388292906708
2025-04-09 03:00:00+00:00,75600.7109375,-0.790574162714037
2025-04-09 04:00:00+00:00,75322.1015625,1.3206822491198995
2025-04-09 06:00:00+00:00,76676.265625,0.10470156487879947
2025-04-09 10:00:00+00:00,77460.75,-0.02591029973244514
2025-04-09 12:00:00+00:00,76178.4453125,0.820165152933988
2025-04-09 14:00:00+00:00,77653.09375,-0.8809915413061054
2025-04-09 16:00:00+00:00,77192.15625,1.2551874401098881
2025-04-09 19:00:00+00:00,81816.3984375,0.5026021009885033
2025-04-09 21:00:00+00:00,83190.0390625,0.09480364282645393
2025-04-10 05:00:00+00:00,81970.9453125,0.20722853305205988
2025-04-10 08:00:00+00:00,81562.390625,-0.07718401154944078
2025-04-10 09:00:00+00:00,81506.109375,0.6199592783593101
2025-04-10 10:00:00+00:00,82008.109375,-0.3776779697282224
2025-04-10 11:00:00+00:00,81704.4296875,0.14710990941338
2025-04-10 12:00:00+00:00,81835.203125,-0.2482217978853462
2025-04-10 19:00:00+00:00,79447.0234375,0.43211774670208203
2025-04-11 05:00:00+00:00,80831.375,-0.07968943062022636
2025-04-11 07:00:00+00:00,81039.6875,0.21219348544501726
2025-04-11 10:00:00+00:00,82313.53125,0.3325034272539486
2025-04-11 12:00:00+00:00,82098.9140625,-0.11521924629598385
2025-04-11 17:00:00+00:00,82757.7265625,1.3157192932042128
2025-04-11 20:00:00+00:00,83822.890625,-0.00010252271111057261
2025-04-11 21:00:00+00:00,83816.4921875,-0.16470132714595714
2025-04-11 22:00:00+00:00,83646.21875,-0.2951325130880468
2025-04-12 00:00:00+00:00,83414.2421875,-0.1077828529544237
2025-04-12 02:00:00+00:00,83160.015625,-0.30788722269435
2025-04-12 03:00:00+00:00,82817.3671875,0.13339782010925205
2025-04-12 04:00:00+00:00,82923.2421875,0.3974119514705571
2025-04-12 05:00:00+00:00,83164.5703125,0.15814840022113533
2025-04-12 06:00:00+00:00,83296.4765625,0.2940831924819749
2025-04-12 08:00:00+00:00,83696.9296875,-0.14844294523572635
2025-04-12 10:00:00+00:00,83499.859375,-0.13698563489347196
2025-04-12 13:00:00+00:00,83795.8203125,0.7758441859933908
2025-04-12 14:00:00+00:00,84442.265625,0.5290134439118443
2025-04-12 19:00:00+00:00,85152.921875,-0.3036357200749314
2025-04-12 20:00:00+00:00,84919.4453125,0.7601413435103801
2025-04-12 21:00:00+00:00,85499.7734375,-0.1469393513561028
2025-04-12 22:00:00+00:00,85381.0078125,-0.04283190540489967
2025-04-13 05:00:00+00:00,84563.3984375,-0.09312539639499395
2025-04-13 06:00:00+00:00,84489.28125,0.12650458249696614
2025-04-13 08:00:00+00:00,84401.25,0.2601227766176449
2025-04-13 09:00:00+00:00,84642.5703125,0.28450518351571946
2025-04-13 12:00:00+00:00,84457.4296875,-0.08304849586297683
2025-04-13 15:00:00+00:00,84048.328125,-0.30276479696484143
2025-04-13 17:00:00+00:00,84207.359375,0.6937765794297596
2025-04-13 18:00:00+00:00,84753.703125,-0.08288723372522255
2025-04-13 23:00:00+00:00,83306.1796875,0.4755612086475802
2025-04-14 01:00:00+00:00,84278.7890625,-0.22024187765957198
2025-04-14 02:00:00+00:00,84190.953125,1.05339962856015
2025-04-14 03:00:00+00:00,85085.3671875,-0.6938711461384325
2025-04-14 05:00:00+00:00,84849.0859375,-0.3983451132861533
2025-04-14 07:00:00+00:00,84572.8984375,-0.015740858177916223
2025-04-14 08:00:00+00:00,84533.75,0.21700836943824212
2025-04-14 12:00:00+00:00,84903.578125,0.18112458084345312
2025-04-14 15:00:00+00:00,85423.5078125,-1.532008396766515
2025-04-14 20:00:00+00:00,84871.65625,0.023261225681571403
2025-04-14 21:00:00+00:00,84838.0625,-0.15103222389125165
2025-04-15 00:00:00+00:00,84561.34375,0.2977405825578546
2025-04-15 02:00:00+00:00,84938.859375,0.2020755002633328
2025-04-15 06:00:00+00:00,85545.765625,-0.20590221352642196
2025-04-15 11:00:00+00:00,85630.7109375,-0.08876232798706582
2025-04-15 13:00:00+00:00,85796.328125,-0.17900314425606428
2025-04-15 14:00:00+00:00,85584.046875,-0.4815259269077418
2025-04-15 15:00:00+00:00,85152.2421875,-0.4216803965177444
2025-04-15 17:00:00+00:00,84837.578125,-0.3836466925310405
2025-04-15 21:00:00+00:00,84005.515625,0.2175359393254126
2025-04-16 00:00:00+00:00,83617.484375,-0.5556926921122769
2025-04-16 01:00:00+00:00,83145.7109375,0.5623035087780291
2025-04-16 05:00:00+00:00,83563.7265625,-0.1537281100118482
2025-04-16 06:00:00+00:00,83363.046875,0.3508655195131986
2025-04-16 07:00:00+00:00,83638.5234375,-0.3740706729881407
2025-04-16 10:00:00+00:00,83627.953125,0.37660291891784836
2025-04-16 14:00:00+00:00,83784.7109375,0.9143598413456065
2025-04-16 17:00:00+00:00,85053.4296875,-1.9907706911069412
2025-04-16 18:00:00+00:00,83314.8515625,0.8656919942526005
2025-04-16 20:00:00+00:00,84350.5546875,-0.08878498224161425
2025-04-16 22:00:00+00:00,84548.7578125,-0.06797113462914012
2025-04-16 23:00:00+00:00,84468.609375,-0.5131806545737867
2025-04-17 00:00:00+00:00,84028.8828125,0.1897506037962951
2025-04-17 02:00:00+00:00,84309.5859375,-0.07324196805541927
2025-04-17 04:00:00+00:00,83992.5078125,0.17630850817144125
2025-04-17 06:00:00+00:00,84363.625,0.5267469392169907
2025-04-17 07:00:00+00:00,84801.1484375,-0.2104371559679091
2025-04-17 08:00:00+00:00,84637.96875,-0.24182963098343496
2025-04-17 13:00:00+00:00,84754.046875,-0.4104339412996319
2025-04-17 16:00:00+00:00,84520.0234375,0.48492577064070336
2025-04-17 18:00:00+00:00,85113.640625,-0.017494992448515063
2025-04-17 20:00:00+00:00,84870.2265625,0.296058624062896
2025-04-18 01:00:00+00:00,84766.046875,0.20231235715508883
2025-04-18 03:00:00+00:00,84900.203125,-0.09801029259904966
2025-04-18 05:00:00+00:00,84676.4609375,0.06232362207361532
2025-04-18 06:00:00+00:00,84727.484375,-0.01947420028071617
2025-04-18 08:00:00+00:00,84624.9296875,-0.011253702112566379
2025-04-18 09:00:00+00:00,84618.140625,-0.08106270061402687
2025-04-18 10:00:00+00:00,84546.3984375,-0.04310687761222827
2025-04-18 15:00:00+00:00,84557.28125,-0.23352328100071218
2025-04-18 16:00:00+00:00,84365.1171875,0.10039138843577512
2025-04-18 17:00:00+00:00,84472.9921875,0.08217308361224553
2025-04-18 19:00:00+00:00,84605.7109375,-0.09863769723730419
2025-04-18 20:00:00+00:00,84531.703125,-0.054805621189830955
2025-04-18 21:00:00+00:00,84493.2265625,0.12005400210982149
2025-04-18 22:00:00+00:00,84588.609375,-0.08585671349441074
2025-04-19 00:00:00+00:00,84450.2890625,-0.006817990280339664
2025-04-19 01:00:00+00:00,84441.0390625,0.11908272164388373
2025-04-19 02:00:00+00:00,84536.640625,0.2528859065364593
2025-04-19 06:00:00+00:00,85076.703125,-0.1686713221469817
2025-04-19 07:00:00+00:00,84918.015625,0.3353694270926388
2025-04-19 09:00:00+00:00,85306.5625,0.057833695385393125
2025-04-19 11:00:00+00:00,85241.203125,-0.029108575536661865
2025-04-19 12:00:00+00:00,85202.6171875,0.10160522687875913
2025-04-19 13:00:00+00:00,85285.65625,0.2090309734821323
2025-04-19 14:00:00+00:00,85464.7890625,-0.1007359299009561
2025-04-19 17:00:00+00:00,84832.0625,0.4458348958567405
2025-04-19 22:00:00+00:00,85322.2890625,-0.08966004175528211
2025-04-20 02:00:00+00:00,85282.515625,-0.06833903710846358
2025-04-20 04:00:00+00:00,85165.9765625,0.011283114910269424
2025-04-20 07:00:00+00:00,84951.3359375,-0.19455991854159888
2025-04-20 10:00:00+00:00,84536.2421875,-0.4390128900890234
2025-04-20 11:00:00+00:00,84169.9921875,-0.05120775395105831
2025-04-20 12:00:00+00:00,84131.7265625,0.2767795034219497
2025-04-20 14:00:00+00:00,84348.0546875,0.33810797540807247
2025-04-20 15:00:00+00:00,84627.8671875,-0.3172713775299526
2025-04-20 16:00:00+00:00,84354.2578125,0.29902721456061654
2025-04-20 19:00:00+00:00,84574.4921875,0.08241625009757024
2025-04-21 00:00:00+00:00,85169.609375,1.7197210345899863
2025-04-21 01:00:00+00:00,86553.3515625,0.8499725016064423
2025-04-21 02:00:00+00:00,87291.078125,0.08012882187093505
2025-04-21 03:00:00+00:00,87349.9375,-0.16815445632116222
2025-04-21 06:00:00+00:00,87547.3984375,-0.05803998851693462
2025-04-21 07:00:00+00:00,87501.4921875,-0.0752130030639656
2025-04-21 09:00:00+00:00,87583.5625,-0.10247356631559718
2025-04-21 10:00:00+00:00,87501.734375,-0.16739846763751648
2025-04-21 11:00:00+00:00,87349.5859375,-0.43831597298463154
2025-04-21 12:00:00+00:00,86978.625,0.10117428276200044
2025-04-21 16:00:00+00:00,88080.3671875,-1.1334020501695585
2025-04-21 21:00:00+00:00,87279.25,0.019021202061200112
2025-04-21 23:00:00+00:00,87147.203125,0.42678327492222656
2025-04-22 02:00:00+00:00,88426.890625,-0.3191725650479978
2025-04-22 04:00:00+00:00,88137.03125,-0.09709667297195242
2025-04-22 07:00:00+00:00,88226.421875,0.2604803585093822
2025-04-22 08:00:00+00:00,88445.25,-0.052371735621754706
2025-04-22 09:00:00+00:00,88398.9453125,0.1269104508016525
2025-04-22 10:00:00+00:00,88533.1484375,-0.003538575725917632
2025-04-22 11:00:00+00:00,88520.421875,0.11091190645096549
2025-04-22 13:00:00+00:00,89001.1875,1.2393970866961748
2025-04-22 15:00:00+00:00,90823.390625,0.028472153287879963
2025-04-22 18:00:00+00:00,91485.9921875,0.05187781906844175
2025-04-22 19:00:00+00:00,91556.8671875,-0.17163171898202953
2025-04-22 20:00:00+00:00,91529.0859375,-0.41877057011334257
2025-04-23 00:00:00+00:00,93466.1171875,-0.6197015078074332
2025-04-23 03:00:00+00:00,92895.7890625,0.30439014281880544
2025-04-23 05:00:00+00:00,93697.5234375,-0.21740502579652293
2025-04-23 06:00:00+00:00,93503.375,0.23097428301384845
2025-04-23 08:00:00+00:00,94146.890625,0.16392269991656988
2025-04-23 09:00:00+00:00,94302.34375,-0.37344147398245336
2025-04-23 14:00:00+00:00,92970.96875,-0.019739024715712667
2025-04-23 15:00:00+00:00,92970.296875,0.13086336882798083
2025-04-23 16:00:00+00:00,93212.34375,0.4858697966169314
2025-04-23 21:00:00+00:00,93712.1640625,-0.30908307411065983
2025-04-23 22:00:00+00:00,93510.09375,0.29530568725368217
2025-04-24 00:00:00+00:00,93703.2578125,-0.3134229341179023
2025-04-24 04:00:00+00:00,92695.515625,0.07576890265558626
2025-04-24 05:00:00+00:00,92769.15625,-0.17832401865787154
2025-04-24 06:00:00+00:00,92594.8125,-0.25985189505081613
2025-04-24 08:00:00+00:00,92213.8828125,-0.21139712812697584
2025-04-24 09:00:00+00:00,92046.375,0.4538982387953899
2025-04-24 10:00:00+00:00,92479.0703125,0.16446288818221624
2025-04-24 13:00:00+00:00,92774.2421875,-0.06784783256195757
2025-04-24 14:00:00+00:00,92844.6640625,0.2688293964120346
2025-04-24 18:00:00+00:00,93027.5390625,0.41243667344809265
2025-04-24 22:00:00+00:00,93387.609375,0.06726835917572711
2025-04-24 23:00:00+00:00,93458.0078125,0.48124888977126673
2025-04-25 01:00:00+00:00,93930.09375,-0.2493044195433905
2025-04-25 04:00:00+00:00,93327.1328125,-0.22821270576039104
2025-04-25 07:00:00+00:00,93580.1328125,0.23197031087244163
2025-04-25 09:00:00+00:00,93704.8046875,0.15028078119326693
2025-04-25 11:00:00+00:00,93669.609375,1.0128018108861683
2025-04-25 12:00:00+00:00,94773.7421875,-0.2908654402974057
2025-04-25 13:00:00+00:00,94457.484375,0.041900464808985655
2025-04-25 14:00:00+00:00,94474.1796875,1.1085618218271445
2025-04-25 15:00:00+00:00,95437.359375,-0.288761067264179
2025-04-25 18:00:00+00:00,94617.7421875,0.4305399580268335
2025-04-25 22:00:00+00:00,94680.5703125,0.24467962300541302
2025-04-26 02:00:00+00:00,95067.5703125,0.024620646055285182
2025-04-26 07:00:00+00:00,94675.515625,0.00849117371786165
2025-04-26 13:00:00+00:00,94256.828125,-0.19441562340394106
2025-04-26 14:00:00+00:00,94182.78125,0.10769451289696332
2025-04-26 15:00:00+00:00,94278.484375,0.14794931836747616
2025-04-26 18:00:00+00:00,94330.0859375,-0.1314615705769244
2025-04-26 21:00:00+00:00,94146.0703125,0.2384260429085554
2025-04-26 22:00:00+00:00,94385.0703125,0.3363548376336333
2025-04-26 23:00:00+00:00,94809.84375,-0.1520889675551227
2025-04-27 04:00:00+00:00,94189.2109375,-0.11019209256235309
2025-04-27 06:00:00+00:00,93965.5625,0.08234399703614821
2025-04-27 07:00:00+00:00,94064.8359375,0.04280624592462363
2025-04-27 10:00:00+00:00,94185.0234375,-0.1513477087942674
2025-04-27 11:00:00+00:00,94080.8984375,-0.08924334152248459
2025-04-27 13:00:00+00:00,93781.046875,0.34331963731344306
2025-04-27 16:00:00+00:00,93952.890625,-0.16142564799346748
2025-04-27 17:00:00+00:00,93907.8125,0.1931249064075473
2025-04-27 18:00:00+00:00,94076.546875,0.2560996289756729
2025-04-27 20:00:00+00:00,94458.4140625,-0.12519563627413088
2025-04-27 21:00:00+00:00,94298.5390625,0.10767829863482939
2025-04-27 22:00:00+00:00,94305.0078125,-0.33668181559486043
2025-04-27 23:00:00+00:00,93899.3046875,-0.08749399186013009
2025-04-28 01:00:00+00:00,93452.734375,-0.5323295950911013
2025-04-28 02:00:00+00:00,92962.8671875,0.6923547347155665
2025-04-28 05:00:00+00:00,94057.9921875,0.21506844638650874
2025-04-28 08:00:00+00:00,94727.765625,-0.008387522335798786
2025-04-28 10:00:00+00:00,94777.6171875,0.3224653763930121
2025-04-28 17:00:00+00:00,93775.1171875,0.3623612507149126
2025-04-28 18:00:00+00:00,94128.53125,0.1179321625715901
2025-04-28 23:00:00+00:00,94845.078125,0.17503873504242526
2025-04-29 03:00:00+00:00,94654.765625,0.04319149937148239
2025-04-29 04:00:00+00:00,94691.2734375,-0.34808018789350226
2025-04-29 05:00:00+00:00,94384.15625,-0.0776414738570066
2025-04-29 06:00:00+00:00,94306.0234375,0.5594237709001056
2025-04-29 10:00:00+00:00,95013.7890625,-0.19081934242274867
2025-04-29 11:00:00+00:00,94837.015625,0.3523479179493635
2025-04-29 13:00:00+00:00,94840.953125,0.12791975249352494
2025-04-29 14:00:00+00:00,94871.1953125,0.22373262168863325
2025-04-29 16:00:00+00:00,94865.2265625,0.14660601153824393
2025-04-29 17:00:00+00:00,94995.859375,0.3290768429874
2025-04-29 20:00:00+00:00,95339.4140625,-0.48718210308646454
2025-04-29 23:00:00+00:00,94190.4296875,0.10299115613109247
2025-04-30 02:00:00+00:00,94549.171875,0.11442458760297843
2025-04-30 03:00:00+00:00,94669.6484375,0.37395664116543426
2025-04-30 11:00:00+00:00,94962.328125,0.2750679586921722
2025-04-30 13:00:00+00:00,94627.171875,-1.6256974947239489
2025-04-30 17:00:00+00:00,94003.3984375,0.11390878072476603
2025-04-30 20:00:00+00:00,94168.609375,0.5147764374108875
2025-04-30 22:00:00+00:00,94547.0078125,-0.4510487797199426
2025-05-01 00:00:00+00:00,94169.390625,0.2154611346143029
2025-05-01 01:00:00+00:00,94422.2734375,0.1996847440077822
2025-05-01 03:00:00+00:00,94845.234375,-0.05963662842179571
2025-05-01 05:00:00+00:00,94886.578125,0.28413034575326035
2025-05-01 07:00:00+00:00,94884.1796875,0.17491719962865912
2025-05-01 09:00:00+00:00,95201.2109375,0.4473173800064091
2025-05-01 11:00:00+00:00,96240.8828125,-0.027932840716324348
2025-05-01 13:00:00+00:00,96394.5859375,-0.5173721585601888
2025-05-01 14:00:00+00:00,95895.921875,1.0084256385381352
2025-05-01 18:00:00+00:00,96817.8046875,0.07564143313967868
2025-05-01 19:00:00+00:00,96858.3125,-0.3303956229879599
2025-05-01 20:00:00+00:00,96546.3515625,-0.09178719450898463
2025-05-01 22:00:00+00:00,96505.375,-0.10961177032885473
2025-05-01 23:00:00+00:00,96407.3203125,0.08498284905588974
2025-05-02 05:00:00+00:00,96936.5390625,-0.2227858964108042
2025-05-02 06:00:00+00:00,96720.9375,-0.007116155692763007
2025-05-02 09:00:00+00:00,96652.890625,0.008188128103385423
2025-05-02 10:00:00+00:00,96621.546875,0.2585150601274722
2025-05-02 11:00:00+00:00,96896.6953125,0.07491064299551624
2025-05-02 13:00:00+00:00,97200.2421875,-0.43615664216371636
2025-05-02 16:00:00+00:00,97365.796875,0.03349963595724949
2025-05-02 19:00:00+00:00,97189.6328125,-0.21253552876210996
2025-05-02 20:00:00+00:00,96953.3125,0.09302157675118114
2025-05-02 22:00:00+00:00,96760.2734375,-0.10223397628562536
2025-05-03 01:00:00+00:00,96714.21875,-0.22160165823600786
2025-05-03 02:00:00+00:00,96507.109375,0.06876922117946298
2025-05-03 04:00:00+00:00,96372.890625,0.16804842518440335
2025-05-03 06:00:00+00:00,96463.90625,-0.23725681075661395
2025-05-03 08:00:00+00:00,96342.9765625,-0.014928760780677692
2025-05-03 10:00:00+00:00,96264.3671875,-0.3629896478926563
2025-05-03 11:00:00+00:00,95929.296875,0.027347615227686407
2025-05-03 18:00:00+00:00,96221.6875,-0.07278114926013951
2025-05-03 22:00:00+00:00,96302.6328125,-0.10546181037203925
2025-05-04 01:00:00+00:00,95901.3671875,0.23583800902212765
2025-05-04 02:00:00+00:00,96125.0546875,-0.20691633221600084
2025-05-04 04:00:00+00:00,95765.6328125,-0.005082394755882301
2025-05-04 08:00:00+00:00,95914.2890625,-0.2599407397343445
2025-05-04 15:00:00+00:00,95650.1796875,-0.18337491688258883
2025-05-04 17:00:00+00:00,95351.6796875,0.08093394395664405
2025-05-04 18:00:00+00:00,95420.3046875,-0.0022106144042488337
2025-05-04 21:00:00+00:00,95721.65625,-0.019645175644356864
2025-05-04 22:00:00+00:00,95703.0625,-0.7123841386998456
2025-05-04 23:00:00+00:00,95013.0078125,-0.7907716583214551
2025-05-05 02:00:00+00:00,93925.046875,0.34432375682538086
2025-05-05 04:00:00+00:00,94090.90625,0.3526509768312493
2025-05-05 08:00:00+00:00,94751.1171875,-0.19951117001176522
2025-05-05 09:00:00+00:00,94560.546875,0.012219353506144792
2025-05-05 10:00:00+00:00,94562.5625,-0.4511232973408478
2025-05-05 11:00:00+00:00,94140.5625,-0.04420749822904447
2025-05-05 13:00:00+00:00,94335.59375,-0.22747080817520166
2025-05-05 19:00:00+00:00,94726.359375,-0.37854926534275457
2025-05-06 00:00:00+00:00,94746.0390625,-0.1899898025090594
2025-05-06 02:00:00+00:00,94334.875,-0.040033577189772074
2025-05-06 04:00:00+00:00,94448.9921875,0.10972357682151683
2025-05-06 05:00:00+00:00,94586.890625,-0.28042998162569105
2025-05-06 06:00:00+00:00,94348.109375,0.10431780313562855
2025-05-06 12:00:00+00:00,93766.890625,0.17923437460684166
2025-05-06 13:00:00+00:00,93936.84375,-0.3312232054848021
2025-05-06 14:00:00+00:00,93996.0703125,0.1730125519708811
2025-05-06 19:00:00+00:00,95096.9453125,-0.1565343392585642
2025-05-07 04:00:00+00:00,96502.984375,0.04676021191702135
2025-05-07 05:00:00+00:00,96558.03125,-0.18678857953620506
2025-05-07 09:00:00+00:00,97004.984375,-0.03556518278136159
2025-05-07 11:00:00+00:00,97026.0234375,-0.01875302300904936
2025-05-07 12:00:00+00:00,97020.8046875,-0.06210008275448009
2025-05-07 17:00:00+00:00,96859.34375,-0.5929909962868193
2025-05-07 20:00:00+00:00,96215.96875,0.5314216617498849
2025-05-07 23:00:00+00:00,97257.09375,-0.22472653826343644
2025-05-08 04:00:00+00:00,99150.4375,-0.18363036723867204
2025-05-08 05:00:00+00:00,99022.1015625,-0.2636564169820358
2025-05-08 06:00:00+00:00,98774.703125,0.2501984867393141
2025-05-08 11:00:00+00:00,99819.171875,-0.37416878990712427
2025-05-08 17:00:00+00:00,101310.4921875,-0.27722634540181745
2025-05-08 19:00:00+00:00,101351.9375,-0.21316501719565056
2025-05-08 23:00:00+00:00,102969.6328125,0.19927750240077607
2025-05-09 02:00:00+00:00,103088.3828125,-0.5449131824307616
2025-05-09 04:00:00+00:00,102427.640625,0.3453123691435219
2025-05-09 05:00:00+00:00,102799.7265625,0.1328508519105527
2025-05-09 07:00:00+00:00,103210.140625,0.5011771342114669
2025-05-09 08:00:00+00:00,103704.4609375,-0.7523558344999473
2025-05-09 12:00:00+00:00,102937.625,-0.04590917315218804
2025-05-09 13:00:00+00:00,102896.0546875,0.7987353742532189
2025-05-09 14:00:00+00:00,103645.8359375,-0.4917210931728369
2025-05-09 15:00:00+00:00,103142.09375,-0.26133546954489667
2025-05-09 17:00:00+00:00,102478.421875,0.703852442107096
2025-05-09 21:00:00+00:00,103191.578125,-0.2273229359045622
2025-05-10 00:00:00+00:00,102996.7890625,-0.13068520264095004
2025-05-10 01:00:00+00:00,102863.0625,0.13762988293295272
2025-05-10 06:00:00+00:00,103343.171875,0.3374149507640124
2025-05-10 08:00:00+00:00,103805.2734375,-0.19292432683641808
2025-05-10 10:00:00+00:00,103767.1484375,-0.11668252122484274
2025-05-10 11:00:00+00:00,103620.671875,-0.19772387960112328
2025-05-10 12:00:00+00:00,103449.84375,0.19576213714677554
2025-05-10 13:00:00+00:00,103681.1640625,-0.0515251497058779
2025-05-10 17:00:00+00:00,103423.046875,-0.1929423673247395
2025-05-10 18:00:00+00:00,103175.65625,0.08812337939454588
2025-05-10 19:00:00+00:00,103255.359375,-0.046403463016371875
2025-05-10 20:00:00+00:00,103213.5625,-0.025962552159751295
2025-05-10 21:00:00+00:00,103199.46875,0.5396254765119612
2025-05-10 23:00:00+00:00,103617.8671875,1.1211417070550769
2025-05-11 00:00:00+00:00,104692.9609375,-0.2718216415427285
2025-05-11 01:00:00+00:00,104425.453125,-0.33300519853501953
2025-05-11 07:00:00+00:00,103864.1171875,-0.42198313947903837
2025-05-11 10:00:00+00:00,104363.328125,0.165123255549685
2025-05-11 11:00:00+00:00,104588.71875,0.08190564290663518
2025-05-11 12:00:00+00:00,104665.7734375,-0.027692314352702602
2025-05-11 13:00:00+00:00,104605.65625,-0.49717973544093125
2025-05-11 15:00:00+00:00,104185.375,-0.027677529115770805
2025-05-11 19:00:00+00:00,104562.1875,-0.1180143993257601
2025-05-11 23:00:00+00:00,103808.9140625,0.2680857202999411
2025-05-12 03:00:00+00:00,103880.1015625,0.1914015504503276
2025-05-12 04:00:00+00:00,104090.8203125,-0.011108088076630796
2025-05-12 05:00:00+00:00,104061.8203125,-0.12350681269464747
2025-05-12 06:00:00+00:00,103938.90625,0.42113080249966556
2025-05-12 08:00:00+00:00,104486.921875,0.13022712322101315
2025-05-12 09:00:00+00:00,104606.3671875,-0.15858559039972397
2025-05-12 10:00:00+00:00,104433.5,0.07038719615832084
2025-05-12 14:00:00+00:00,104301.0078125,-1.4164232743136995
2025-05-12 15:00:00+00:00,102791.8359375,-0.24985264895566014
2025-05-12 16:00:00+00:00,102509.984375,0.32236951309163636
2025-05-12 17:00:00+00:00,102848.0078125,-0.27084111148543305
2025-05-12 18:00:00+00:00,102566.859375,-0.8281031321185465
2025-05-12 19:00:00+00:00,101665.6796875,0.13884356100690629
2025-05-13 00:00:00+00:00,102809.5859375,-0.5048471358648691
2025-05-13 01:00:00+00:00,102277.0078125,0.20433936421286034
2025-05-13 02:00:00+00:00,102451.921875,-0.3880631204606185
2025-05-13 05:00:00+00:00,102704.6796875,-0.24440524595740562
2025-05-13 06:00:00+00:00,102464.109375,0.08165969090091454
2025-05-13 11:00:00+00:00,103584.5,0.09902845020249168
2025-05-13 13:00:00+00:00,103690.9609375,0.08849162132397177
2025-05-13 15:00:00+00:00,103183.765625,0.45833730203137274
2025-05-13 16:00:00+00:00,103698.0703125,0.08355838950414414
2025-05-13 19:00:00+00:00,104380.2890625,0.323868318948209
2025-05-13 22:00:00+00:00,104370.0546875,-0.19789111265526277
2025-05-14 00:00:00+00:00,104159.984375,-0.22880217765969685
2025-05-14 01:00:00+00:00,103927.8203125,-0.1542386576741475
2025-05-14 03:00:00+00:00,103692.1953125,-0.1178442718198189
2025-05-14 04:00:00+00:00,103535.578125,0.17563407023280192
2025-05-14 07:00:00+00:00,103749.5390625,0.024894688914657077
2025-05-14 09:00:00+00:00,103240.2890625,0.24043574921581984
2025-05-14 13:00:00+00:00,104004.6328125,-0.1279615473859976
2025-05-14 14:00:00+00:00,103943.6875,-0.6422122194770125
2025-05-14 15:00:00+00:00,103273.3515625,0.20851821572739038
2025-05-14 19:00:00+00:00,103497.7890625,-0.19177643966881236
2025-05-14 21:00:00+00:00,103563.5234375,0.06343479858489631
2025-05-14 22:00:00+00:00,103614.0,-0.09891731571023221
2025-05-15 00:00:00+00:00,103531.7265625,0.26545304915212814
2025-05-15 01:00:00+00:00,103805.2734375,-0.7153643672516337
2025-05-15 04:00:00+00:00,102757.2421875,0.14271348118939609
2025-05-15 07:00:00+00:00,102287.8828125,-0.4575627504754695
2025-05-15 08:00:00+00:00,101956.3515625,0.3617050280324462
2025-05-15 09:00:00+00:00,102260.21875,-0.3538842542325385
2025-05-15 12:00:00+00:00,102395.5625,0.13649578320349576
2025-05-15 14:00:00+00:00,102126.9921875,-0.17814829958564915
2025-05-15 18:00:00+00:00,103979.34375,-1.2498951865139079
2025-05-15 19:00:00+00:00,102701.4296875,0.5039867157399449
2025-05-15 22:00:00+00:00,103276.171875,0.23728852023737929
2025-05-15 23:00:00+00:00,103514.1328125,0.2216635726598021
2025-05-16 03:00:00+00:00,104183.0234375,-0.1432875002802685
2025-05-16 05:00:00+00:00,103922.8828125,0.010216409719075796
2025-05-16 06:00:00+00:00,103919.4375,0.06566835727916637
2025-05-16 07:00:00+00:00,103987.140625,-0.24530527136994254
2025-05-16 12:00:00+00:00,103665.6171875,-0.11365418515465779
2025-05-16 14:00:00+00:00,104028.296875,-0.42762553638125206
2025-05-16 15:00:00+00:00,103604.6328125,0.5126082908484803
2025-05-16 18:00:00+00:00,103889.421875,-0.11480806741181993
2025-05-16 19:00:00+00:00,103732.6328125,0.27426277757187817
2025-05-16 20:00:00+00:00,104021.8984375,-0.38403872742240347
2025-05-16 22:00:00+00:00,103612.0078125,-0.10363935104348503
2025-05-16 23:00:00+00:00,103535.2265625,-0.052933372842833004
2025-05-17 02:00:00+00:00,102851.546875,0.4110672861477077
2025-05-17 03:00:00+00:00,103289.3515625,0.24381597298305724
2025-05-17 04:00:00+00:00,103526.1640625,0.12189702346530908
2025-05-17 06:00:00+00:00,103370.1328125,0.11549818284219399
2025-05-17 07:00:00+00:00,103487.4609375,-0.03588146057851967
2025-05-17 09:00:00+00:00,103443.9296875,-0.4807027478578937
2025-05-17 12:00:00+00:00,103017.671875,-0.0645292805497115
2025-05-17 16:00:00+00:00,102967.3046875,-0.06443944774642132
2025-05-17 17:00:00+00:00,102957.8828125,0.20122761059228633
2025-05-17 19:00:00+00:00,103022.046875,0.17992204641876564
2025-05-17 20:00:00+00:00,103181.234375,0.21651829555368218
2025-05-18 00:00:00+00:00,103142.6015625,0.24951801787164662
2025-05-18 05:00:00+00:00,103370.6875,0.2718069859020721
2025-05-18 06:00:00+00:00,103650.703125,-0.20245279932827276
2025-05-18 07:00:00+00:00,103445.21875,0.4646783155456375
2025-05-18 14:00:00+00:00,104743.2265625,0.5013898198817003
2025-05-18 16:00:00+00:00,105527.609375,0.34932357009058795
2025-05-18 19:00:00+00:00,104498.15625,-0.5656947894714649
2025-05-18 21:00:00+00:00,104103.671875,0.14130295296080306
2025-05-19 06:00:00+00:00,103045.96875,-0.755654863985157
2025-05-19 07:00:00+00:00,102230.015625,0.980631758560391
2025-05-19 08:00:00+00:00,103244.25,-0.05114540277061434
2025-05-19 10:00:00+00:00,103091.453125,-0.1145372593175386
2025-05-19 12:00:00+00:00,102992.2109375,-0.5682316843893611
2025-05-19 16:00:00+00:00,104872.8125,0.46238300560500367
2025-05-19 17:00:00+00:00,105362.453125,0.03739324240415933
2025-05-19 21:00:00+00:00,105459.4765625,0.019979534496847983
2025-05-19 22:00:00+00:00,105450.6640625,0.11510121920907178
2025-05-20 01:00:00+00:00,105748.4140625,0.8430608112695543
2025-05-20 02:00:00+00:00,106483.2265625,-0.3765337747956636
2025-05-20 03:00:00+00:00,106099.6953125,-0.32814803235253165
2025-05-20 04:00:00+00:00,105761.4140625,0.4238017749414015
2025-05-20 05:00:00+00:00,106203.6171875,-0.059033123503988476
2025-05-20 07:00:00+00:00,105485.5234375,-0.3797470135675459
2025-05-20 09:00:00+00:00,105214.53125,0.08335647553436208
2025-05-20 11:00:00+00:00,105053.46875,0.16090764494627885
2025-05-20 12:00:00+00:00,105214.1796875,-0.38030312424470475
2025-05-20 13:00:00+00:00,104809.375,-0.32175228838069114
2025-05-20 14:00:00+00:00,104459.1953125,0.10101133240050299
2025-05-20 15:00:00+00:00,104560.609375,0.7857359644428716
2025-05-20 16:00:00+00:00,105364.25,-0.12639189763131234
2025-05-20 17:00:00+00:00,105228.703125,0.9512836400833483
2025-05-20 20:00:00+00:00,107051.265625,-0.11456251757882942
2025-05-20 21:00:00+00:00,106955.109375,-0.24479458160527923
2025-05-20 23:00:00+00:00,106797.3203125,-0.028375887532875687
2025-05-21 01:00:00+00:00,106752.796875,-0.20445161053303787
2025-05-21 03:00:00+00:00,106891.984375,0.011920620217225713
2025-05-21 04:00:00+00:00,106871.2890625,0.4947832618457147
2025-05-21 06:00:00+00:00,107589.40625,0.23537110560083604
2025-05-21 07:00:00+00:00,107813.71875,-1.1254293067411703
2025-05-21 09:00:00+00:00,106417.515625,-0.17807218942018033
2025-05-21 10:00:00+00:00,106233.625,0.12098188073691356
2025-05-21 13:00:00+00:00,106524.7265625,0.883054953863778
2025-05-21 15:00:00+00:00,108975.9296875,0.04598205782111144
2025-05-21 17:00:00+00:00,109283.4765625,-2.6426684900972495
2025-05-21 20:00:00+00:00,108682.5625,-0.42724051293877063
2025-05-21 21:00:00+00:00,108181.3125,0.2893290835235522
2025-05-21 22:00:00+00:00,108472.953125,0.30544048350762554
2025-05-22 03:00:00+00:00,110481.1953125,1.1974110696015647
2025-05-22 06:00:00+00:00,110828.734375,-0.2975099953630595
2025-05-22 07:00:00+00:00,110546.9140625,0.4998796820213138
2025-05-22 09:00:00+00:00,110402.609375,0.34326775847547764
2025-05-22 10:00:00+00:00,110794.5234375,-0.019948244565055288
2025-05-22 11:00:00+00:00,110793.2578125,0.21924985987061912
2025-05-22 12:00:00+00:00,110986.5625,0.5127450676742962
2025-05-22 14:00:00+00:00,110915.65625,-0.16637783045168614
2025-05-22 16:00:00+00:00,111315.7578125,-0.11119831767978156
2025-05-22 17:00:00+00:00,111244.8671875,0.2650403182225472
2025-05-22 18:00:00+00:00,111511.0,0.26425363865448254
2025-05-22 19:00:00+00:00,111783.3828125,-0.6503300573032119
2025-05-23 02:00:00+00:00,111305.8671875,-0.06975429684152291
2025-05-23 03:00:00+00:00,111225.3828125,-0.08650088232304776
2025-05-23 05:00:00+00:00,110788.4296875,0.03583688758112221
2025-05-23 07:00:00+00:00,110499.703125,0.22367848556154207
2025-05-23 10:00:00+00:00,111310.4296875,-0.24377208026398584
2025-05-23 13:00:00+00:00,108413.2578125,1.1550276693701769
2025-05-23 14:00:00+00:00,109763.9921875,-0.007743887435763279
2025-05-23 19:00:00+00:00,108814.578125,0.04740719340081529
2025-05-23 20:00:00+00:00,108718.6328125,-0.4619363990403841
2025-05-24 00:00:00+00:00,107334.59375,0.0385549626212658
2025-05-24 02:00:00+00:00,107507.640625,0.2204930492585629
2025-05-24 03:00:00+00:00,107751.8359375,0.5065023906567717
2025-05-24 05:00:00+00:00,108511.6171875,-0.2496996469344044
2025-05-24 06:00:00+00:00,108244.703125,-0.2860777973979962
2025-05-24 10:00:00+00:00,108191.3515625,0.8451677738509165
2025-05-24 13:00:00+00:00,108803.1640625,-0.17820311263064284
2025-05-24 14:00:00+00:00,108610.5859375,0.37689120859320013
2025-05-24 15:00:00+00:00,108973.515625,-0.03420412499883501
2025-05-24 17:00:00+00:00,109042.03125,-0.04759489245116204
2025-05-24 21:00:00+00:00,108887.921875,-0.022930688335354
2025-05-24 23:00:00+00:00,108060.0078125,-0.20685844330851758
2025-05-25 01:00:00+00:00,107426.5859375,0.24978540941077276
2025-05-25 02:00:00+00:00,107695.03125,0.2741392723259923
2025-05-25 03:00:00+00:00,107965.25,0.1736018649519174
2025-05-25 06:00:00+00:00,108125.7109375,-0.22418205198217267
2025-05-25 07:00:00+00:00,107920.53125,-0.22165470715286162
2025-05-25 10:00:00+00:00,107126.171875,-0.16217733907519974
2025-05-25 11:00:00+00:00,106978.171875,0.2750122944181224
2025-05-25 12:00:00+00:00,107269.3828125,0.24328353828245347
2025-05-25 14:00:00+00:00,107559.4375,-0.18263884329071542
2025-05-25 15:00:00+00:00,107372.9140625,-0.3632928550052595
2025-05-25 16:00:00+00:00,106999.5,0.16000366824144038
2025-05-25 18:00:00+00:00,107378.515625,0.05606626674766906
2025-05-25 19:00:00+00:00,107445.8515625,0.31093423584219637
2025-05-25 22:00:00+00:00,107496.90625,1.5501172853521075
2025-05-25 23:00:00+00:00,109188.7421875,-0.13492262072862796
2025-05-26 02:00:00+00:00,109576.328125,-0.1369479180109185
2025-05-26 09:00:00+00:00,109700.8828125,-0.006046270850287283
2025-05-26 11:00:00+00:00,109659.3515625,0.08715911925261163
2025-05-26 16:00:00+00:00,110035.890625,-0.5911778500679538
2025-05-26 19:00:00+00:00,109114.0,0.028009696280953865
2025-05-27 01:00:00+00:00,109186.0859375,-0.7296745900902122
2025-05-27 02:00:00+00:00,108381.21875,-0.06597083962021787
2025-05-27 05:00:00+00:00,108967.90625,-0.027832162738283317
2025-05-27 08:00:00+00:00,109486.0703125,0.15746152639137814
2025-05-27 09:00:00+00:00,109678.7890625,0.16918722533876443
2025-05-27 10:00:00+00:00,109860.8828125,-0.1257200779423238
2025-05-27 16:00:00+00:00,110182.1015625,0.06711900022895335
2025-05-27 17:00:00+00:00,110261.140625,0.08261636827231035
2025-05-27 19:00:00+00:00,109930.6328125,-0.04802033896233285
2025-05-27 20:00:00+00:00,109873.703125,-0.21745137207961926
2025-05-27 21:00:00+00:00,109626.625,-0.6739138986537258
2025-05-27 23:00:00+00:00,109072.2734375,-0.06591816163179073
2025-05-28 00:00:00+00:00,108981.1875,0.23149781011516324
2025-05-28 01:00:00+00:00,109228.3984375,-0.3638376724230728
2025-05-28 02:00:00+00:00,108715.125,-0.011893181836473995
2025-05-28 04:00:00+00:00,108928.5234375,0.07010761285478845
2025-05-28 05:00:00+00:00,109008.9453125,0.037855264888310126
2025-05-28 19:00:00+00:00,107489.8203125,-0.3226613682967217
2025-05-28 20:00:00+00:00,106982.2421875,0.34375594021992695
2025-05-28 22:00:00+00:00,107521.484375,-0.05638408021652649
2025-05-28 23:00:00+00:00,107436.765625,0.31266211389170345
2025-05-29 00:00:00+00:00,107796.3359375,0.31988129234738166
2025-05-29 03:00:00+00:00,108446.609375,-0.3726776266489429
2025-05-29 05:00:00+00:00,107586.15625,0.09862735011503862
2025-05-29 06:00:00+00:00,107696.046875,0.14770301892754595
2025-05-29 09:00:00+00:00,108512.2890625,0.05624362966377727
2025-05-29 12:00:00+00:00,108778.1484375,-0.27055497057765865
2025-05-29 13:00:00+00:00,108468.5625,-0.8218467101931032
2025-05-29 14:00:00+00:00,107603.140625,0.17315508768404037
2025-05-29 15:00:00+00:00,107693.625,-0.5939955243404612
2025-05-29 17:00:00+00:00,106773.15625,-0.4302857606122325
2025-05-29 19:00:00+00:00,105844.0703125,-0.09086184489698547
2025-05-29 22:00:00+00:00,106434.5,-0.44480848550047214
2025-05-30 00:00:00+00:00,105593.25,-0.7205716274477773
2025-05-30 04:00:00+00:00,106034.640625,0.0969170305046243
2025-05-30 05:00:00+00:00,106123.6796875,-0.019736700198935045
2025-05-30 07:00:00+00:00,105732.125,-0.7239846688033557
2025-05-30 10:00:00+00:00,105652.078125,0.24147655637985116
2025-05-30 15:00:00+00:00,105403.0390625,0.15969208667711415
2025-05-30 16:00:00+00:00,105543.328125,-1.589594498586407
2025-05-30 18:00:00+00:00,104178.046875,0.6783758874342978
2025-05-30 19:00:00+00:00,104907.53125,-0.1918653957458369
2025-05-30 20:00:00+00:00,104624.25,-0.06294847991741875
2025-05-30 21:00:00+00:00,104602.984375,0.0469782246592809
2025-05-30 22:00:00+00:00,104651.3828125,-0.5635153083037528
2025-05-31 00:00:00+00:00,104007.5859375,-0.03708413396228385
2025-05-31 01:00:00+00:00,103989.1328125,-0.5101719988920116
2025-05-31 03:00:00+00:00,103220.765625,0.43853972576072914
2025-05-31 08:00:00+00:00,103802.546875,-0.04881563750166896
2025-05-31 09:00:00+00:00,103721.5234375,-0.1264804986007078
2025-05-31 11:00:00+00:00,103428.390625,0.07929701361917522
2025-05-31 12:00:00+00:00,103521.21875,0.48518132906931216
2025-05-31 13:00:00+00:00,104045.7578125,0.07140037620166668
2025-05-31 15:00:00+00:00,104591.1640625,0.00549759633286422
2025-05-31 16:00:00+00:00,104596.890625,-0.024192581011535208
2025-05-31 17:00:00+00:00,104541.59375,-0.143363989990826
2025-05-31 18:00:00+00:00,104397.65625,0.12557902850429173
2025-06-01 02:00:00+00:00,104159.0390625,0.10124241347572677
2025-06-01 03:00:00+00:00,104240.390625,0.19980109077800187
2025-06-01 08:00:00+00:00,104327.171875,0.016369776629680158
2025-06-01 09:00:00+00:00,104416.0234375,-0.5343333993503002
2025-06-01 12:00:00+00:00,104119.859375,-0.12471354002921212
2025-06-01 13:00:00+00:00,103998.9765625,0.2848285240787751
2025-06-01 18:00:00+00:00,105113.453125,-0.2315875658756216
2025-06-01 23:00:00+00:00,105541.3359375,0.12122767952811143
2025-06-02 02:00:00+00:00,105437.2890625,-0.34802233229126944
2025-06-02 03:00:00+00:00,105079.2421875,-0.16378264528488656
2025-06-02 04:00:00+00:00,104891.8515625,-0.11431417046590474
2025-06-02 05:00:00+00:00,104781.6953125,0.060833323329896376
2025-06-02 06:00:00+00:00,104852.5625,0.32554640712762745
2025-06-02 09:00:00+00:00,105366.3359375,-0.7101043524411964
2025-06-02 11:00:00+00:00,104423.5625,-0.34287190929729106
2025-06-02 13:00:00+00:00,104234.59375,-0.41023748413659455
2025-06-02 18:00:00+00:00,104446.0,-0.09406774792715854
2025-06-02 20:00:00+00:00,104473.9609375,0.4106585470198278
2025-06-02 23:00:00+00:00,105740.0703125,0.13782322497923674
2025-06-03 00:00:00+00:00,105880.5625,0.39405397237099116
2025-06-03 02:00:00+00:00,106500.7109375,-0.7050128993417077
2025-06-03 03:00:00+00:00,105691.1953125,-0.15420069951723303
2025-06-03 04:00:00+00:00,105538.4609375,-0.31083158886907564
2025-06-03 05:00:00+00:00,105212.6171875,0.2589845042200633
2025-06-03 06:00:00+00:00,105491.5625,-0.11947786108486165
2025-06-03 07:00:00+00:00,105462.046875,-0.21964358919996543
2025-06-03 10:00:00+00:00,105230.2109375,0.0856826777184279
2025-06-03 11:00:00+00:00,105335.7734375,-0.015122770717064827
2025-06-03 12:00:00+00:00,105338.015625,0.05170112345184023
2025-06-03 16:00:00+00:00,106668.8125,-0.7377024446578516
2025-06-03 18:00:00+00:00,105981.2421875,0.07032494473705142
2025-06-03 22:00:00+00:00,105460.078125,0.32700466482799695
2025-06-04 00:00:00+00:00,105437.203125,0.09462830437726484
2025-06-04 02:00:00+00:00,105648.265625,-0.09656896580028451
2025-06-04 11:00:00+00:00,105736.265625,-0.5493916837012373
2025-06-04 19:00:00+00:00,105001.0546875,0.06114521915144453
2025-06-04 20:00:00+00:00,104994.734375,-0.3585373254581368
2025-06-04 23:00:00+00:00,104845.21875,-0.11604904491650937
2025-06-05 01:00:00+00:00,104997.0234375,-0.18713328108482838
2025-06-05 02:00:00+00:00,104778.6328125,0.26966823284059066
2025-06-05 08:00:00+00:00,104553.2734375,0.13758685670037082
2025-06-05 10:00:00+00:00,104950.171875,-0.23771697610666728
2025-06-05 12:00:00+00:00,104882.6484375,0.801826207698351
2025-06-05 18:00:00+00:00,103284.15625,-0.2253037962925703
2025-06-05 23:00:00+00:00,101548.1484375,0.12586393938897367
2025-06-06 03:00:00+00:00,102228.8515625,0.3109139397948521
2025-06-06 05:00:00+00:00,102834.890625,0.1731765711206055
2025-06-06 06:00:00+00:00,102987.8203125,0.22575485071391557
2025-06-06 07:00:00+00:00,103218.0390625,-0.019315906580949053
2025-06-06 09:00:00+00:00,103576.3515625,0.13646334116597109
2025-06-06 10:00:00+00:00,103708.9453125,0.0604832710534176
2025-06-06 13:00:00+00:00,103880.5859375,0.2679233179022037
2025-06-06 15:00:00+00:00,104866.734375,0.22110652046324866
2025-06-06 22:00:00+00:00,104476.125,0.08841732979664013
2025-06-07 05:00:00+00:00,104901.9375,0.0782725056913272
2025-06-07 07:00:00+00:00,105377.859375,-0.40935277112142415
2025-06-07 08:00:00+00:00,104990.765625,-0.1519925338671898
2025-06-07 09:00:00+00:00,104822.7578125,0.08294507253426972
2025-06-07 10:00:00+00:00,104917.234375,0.2780316567985211
2025-06-07 14:00:00+00:00,105725.890625,-0.19515383013591897
2025-06-07 17:00:00+00:00,105413.46875,0.03146834592709482
2025-06-07 18:00:00+00:00,105457.53125,0.19062027634939538
2025-06-07 23:00:00+00:00,105870.8671875,-0.23087530497611664
2025-06-08 00:00:00+00:00,105633.796875,-0.1064778184893773
2025-06-08 03:00:00+00:00,105536.96875,0.005914692807585493
2025-06-08 04:00:00+00:00,105545.046875,0.10088257635254379
2025-06-08 05:00:00+00:00,105663.2265625,-0.1638238468873654
2025-06-08 15:00:00+00:00,105877.5859375,0.15429080060101838
2025-06-08 17:00:00+00:00,106231.5234375,-0.03426331123022496
2025-06-08 22:00:00+00:00,106411.3828125,-0.5551934829575401
2025-06-08 23:00:00+00:00,105747.5234375,-0.007306613194177199
2025-06-09 01:00:00+00:00,105752.9765625,-0.16894471277071765
2025-06-09 02:00:00+00:00,105583.0390625,0.0769092514489299
2025-06-09 03:00:00+00:00,105647.75,0.0412485121547785
2025-06-09 05:00:00+00:00,105519.890625,-0.02444000116684162
2025-06-09 06:00:00+00:00,105475.234375,0.24752552250491264
2025-06-09 08:00:00+00:00,105638.8671875,0.3452727175241416
2025-06-09 10:00:00+00:00,106677.328125,0.530161853451464
2025-06-09 12:00:00+00:00,107757.421875,0.07166704729590116
2025-06-09 14:00:00+00:00,107241.2109375,0.3630396576059737
2025-06-09 15:00:00+00:00,107648.6640625,0.0929093044219589
2025-06-09 17:00:00+00:00,107764.484375,0.5871310512638455
2025-06-09 19:00:00+00:00,108520.9921875,0.07551102404078358
2025-06-09 20:00:00+00:00,108641.0546875,0.10359516052539702
2025-06-09 21:00:00+00:00,108765.078125,1.168135452483959
2025-06-09 22:00:00+00:00,109998.421875,0.1767141829733637
2025-06-10 00:00:00+00:00,110301.3984375,-0.2995202279209544
2025-06-10 06:00:00+00:00,109347.3515625,0.18278191894365298
2025-06-10 07:00:00+00:00,109506.3515625,-0.21701794837385643
2025-06-10 08:00:00+00:00,109265.1015625,-0.149207063983504
2025-06-10 11:00:00+00:00,109330.2109375,0.20236143843761165
2025-06-10 12:00:00+00:00,109578.625,0.1079561593330816
2025-06-10 13:00:00+00:00,109703.0234375,-0.37583712333589253
2025-06-10 15:00:00+00:00,108657.8359375,0.3415682097823852
2025-06-10 18:00:00+00:00,108671.0078125,0.650745667345009
2025-06-10 21:00:00+00:00,109974.796875,-0.1229898270725949
2025-06-11 00:00:00+00:00,110250.765625,-0.39251428100910296
2025-06-11 02:00:00+00:00,109621.6796875,0.06364930522767401
2025-06-11 04:00:00+00:00,109736.0,-0.13968894665378728
2025-06-11 05:00:00+00:00,109597.8515625,-0.06418351180897493
2025-06-11 06:00:00+00:00,109489.5,0.11167594837861165
2025-06-11 07:00:00+00:00,109609.3515625,-0.13958662999001356
2025-06-11 09:00:00+00:00,109586.2265625,-0.3035138497175134
2025-06-11 13:00:00+00:00,109682.5234375,-0.03841342374294332
2025-06-11 15:00:00+00:00,109878.6796875,-0.15417572406384855
2025-06-11 18:00:00+00:00,108989.15625,-0.11653969015839591
2025-06-11 23:00:00+00:00,108374.859375,0.28445106113892016
2025-06-12 00:00:00+00:00,108687.65625,0.03411438453941268
2025-06-12 01:00:00+00:00,108726.78125,-0.21983860347194817
2025-06-12 05:00:00+00:00,107736.7109375,0.003894041746302963
2025-06-12 07:00:00+00:00,107917.9296875,-0.28375874461893963
2025-06-12 14:00:00+00:00,107057.234375,0.49927295023120666
2025-06-12 15:00:00+00:00,107607.859375,-0.5293235580637625
2025-06-12 21:00:00+00:00,106005.6328125,0.0322211651341346
2025-06-12 22:00:00+00:00,105943.6484375,-0.02780812057589283
2025-06-13 03:00:00+00:00,103718.7421875,0.6753088788271225
2025-06-13 08:00:00+00:00,104939.3671875,-0.10401095454004355
2025-06-13 13:00:00+00:00,104882.3515625,-0.1477771857619337
2025-06-13 18:00:00+00:00,105425.3515625,-0.30794152705057526
2025-06-13 22:00:00+00:00,105649.953125,0.14188216186205715
2025-06-14 02:00:00+00:00,105529.8671875,-0.10351779113481129
2025-06-14 04:00:00+00:00,105291.8984375,0.1122919965871662
2025-06-14 05:00:00+00:00,105414.0703125,-0.056510779180999095
2025-06-14 08:00:00+00:00,105128.2421875,0.040857836206746004
2025-06-14 10:00:00+00:00,104927.1796875,0.1235976230241226
2025-06-14 11:00:00+00:00,105060.2109375,0.08219245109965588
2025-06-14 15:00:00+00:00,104965.9296875,-0.09439818976976086
2025-06-14 19:00:00+00:00,104941.0546875,-0.1949680829007058
2025-06-14 20:00:00+00:00,104714.40625,0.18518374829633338
2025-06-14 21:00:00+00:00,104943.15625,0.4783542042552203
2025-06-14 22:00:00+00:00,105388.8984375,0.027131652786898882
2025-06-14 23:00:00+00:00,105454.5390625,0.018891434334744807
2025-06-15 00:00:00+00:00,105473.734375,0.22152286432685625
2025-06-15 01:00:00+00:00,105698.859375,-0.21150151366049214
2025-06-15 03:00:00+00:00,105536.8828125,-0.0047820959512007094
2025-06-15 04:00:00+00:00,105526.4140625,0.07606952080495841
2025-06-15 05:00:00+00:00,105611.65625,0.41270006595507774
2025-06-15 06:00:00+00:00,106114.59375,-0.5651393378679358
2025-06-15 07:00:00+00:00,105509.171875,-0.020421802784621655
2025-06-15 08:00:00+00:00,105473.9921875,-0.26560161343091765
2025-06-15 10:00:00+00:00,104964.6328125,0.17133003058396232
2025-06-15 11:00:00+00:00,105166.0546875,-0.17157389857037847
